"","id","Weight","CombinedEffort","CombinedSightings","ENC_Rate"
"1",3382,1,18,0,0
"2",3381,1,5,0,0
"3",3380,1,2,0,0
"4",3379,1,8,0,0
"5",3378,1,12,0,0
"6",3377,1,0,0,0
"7",3376,1,0,0,0
"8",3375,1,0,0,0
"9",3374,1,0,0,0
"10",3373,1.23883099194108,0,0,0
"11",7467,1,0,0,0
"12",7466,1,0,0,0
"13",7465,1,0,0,0
"14",7464,1,0,0,0
"15",7463,1,0,0,0
"16",7462,1,0,0,0
"17",7461,1,0,0,0
"18",7460,1,0,0,0
"19",7459,1,22765,0,0
"20",7458,1,22765,0,0
"21",7457,1,22765,0,0
"22",7456,1,22786,3,0.000131659791099798
"23",7455,1,22839,18,0.000788125574674898
"24",7454,1.0978862841596,22935,41,0.00196264825160426
"25",7453,208.591632801487,22765,0,0
"26",3332,1,0,0,0
"27",3331,1,0,0,0
"28",3330,1,0,0,0
"29",3329,1,0,0,0
"30",3328,1,0,0,0
"31",7551,1,0,0,0
"32",7550,1,0,0,0
"33",7549,1,0,0,0
"34",7548,1,0,0,0
"35",7547,1,0,0,0
"36",7546,1,0,0,0
"37",7545,1,22765,0,0
"38",7544,1,22765,0,0
"39",7543,1,22765,0,0
"40",7542,1,22776,0,0
"41",7541,1,22795,12,0.000526431234919939
"42",7540,1.07834281448322,22783,22,0.0010412826194369
"43",7539,41.8886867246719,22765,0,0
"44",3417,1,0,0,0
"45",3416,1,0,0,0
"46",3415,1,0,0,0
"47",3414,1,0,0,0
"48",3413,1,0,0,0
"49",3412,1,0,0,0
"50",3411,1,0,0,0
"51",3410,1,0,0,0
"52",3409,1,0,0,0
"53",3408,1,0,0,0
"54",3407,1,0,0,0
"55",3406,1,0,0,0
"56",3405,1,25,0,0
"57",3404,1,0,0,0
"58",3403,1,0,0,0
"59",3402,1,0,0,0
"60",3401,1,0,0,0
"61",3400,1,0,0,0
"62",3399,1,7,0,0
"63",3398,1,0,0,0
"64",3397,1,7,0,0
"65",3396,1,0,0,0
"66",3395,1,0,0,0
"67",3394,1,0,0,0
"68",3393,1,0,0,0
"69",3392,1,3,0,0
"70",3245,1,0,0,0
"71",3244,1,0,0,0
"72",3243,1,0,0,0
"73",3242,1,0,0,0
"74",3241,1,0,0,0
"75",3240,1,0,0,0
"76",3239,1,0,0,0
"77",3238,1,0,0,0
"78",3237,1,0,0,0
"79",3236,1,0,0,0
"80",3235,1,0,0,0
"81",3234,1,113,0,0
"82",3233,1,41,0,0
"83",3232,1,0,0,0
"84",3231,1,0,0,0
"85",3230,1,0,0,0
"86",3229,1,0,0,0
"87",3228,1,0,0,0
"88",3227,1,7,0,0
"89",3226,1,0,0,0
"90",3225,1,0,0,0
"91",3224,1,18,0,0
"92",3223,1,12,0,0
"93",3222,1,7,0,0
"94",3221,1,0,0,0
"95",3220,1,0,0,0
"96",3219,1,0,0,0
"97",3218,1,0,0,0
"98",3217,1,0,0,0
"99",3216,1,0,0,0
"100",3215,1,10,0,0
"101",3214,1,6,0,0
"102",3213,1,0,0,0
"103",3212,1,0,0,0
"104",3211,1,0,0,0
"105",3210,1,10,0,0
"106",3209,1,5,0,0
"107",3208,1,3,0,0
"108",3207,1,13,0,0
"109",3206,1,0,0,0
"110",3205,1,0,0,0
"111",3204,1,0,0,0
"112",3203,1,0,0,0
"113",3202,1,0,0,0
"114",3327,1,0,0,0
"115",3326,1,0,0,0
"116",3325,1,0,0,0
"117",7296,1,0,0,0
"118",3324,1,0,0,0
"119",3323,1,0,0,0
"120",3322,1,0,0,0
"121",3321,1,0,0,0
"122",3320,1,26,0,0
"123",3319,1,0,0,0
"124",3318,1,0,0,0
"125",3317,1,0,0,0
"126",3316,1,0,0,0
"127",3315,1,0,0,0
"128",3314,1,0,0,0
"129",3313,1,7,0,0
"130",3312,1,0,0,0
"131",3311,1,7,0,0
"132",3310,1,0,0,0
"133",3309,1,1,0,0
"134",3308,1,11,0,0
"135",3307,1,12,0,0
"136",3306,1,53,0,0
"137",3305,1,10,0,0
"138",3304,1,0,0,0
"139",3303,1,0,0,0
"140",3302,1,0,0,0
"141",3301,1,0,0,0
"142",3300,1,10,0,0
"143",3299,1,11,0,0
"144",3298,1,8,0,0
"145",3297,1,6,0,0
"146",3296,1,7,0,0
"147",3295,1,4,0,0
"148",3294,1,7,0,0
"149",3293,1,12,0,0
"150",3292,1,0,0,0
"151",3291,1,0,0,0
"152",3290,1,0,0,0
"153",3289,1,0,0,0
"154",3288,1,0,0,0
"155",7381,1,0,0,0
"156",7380,1,0,0,0
"157",7379,1,0,0,0
"158",7378,1,0,0,0
"159",7377,1,0,0,0
"160",7376,1,0,0,0
"161",7375,1,0,0,0
"162",7374,1,0,0,0
"163",7373,1,0,0,0
"164",7372,1,22765,0,0
"165",7371,1,22765,0,0
"166",7370,1,22787,5,0.000219423355421951
"167",7369,1,22783,9,0.000395031383048764
"168",7368,1,22799,13,0.000570200447388043
"169",7367,1.15929759604125,22897,29,0.0014682984795037
"170",7366,228.029202090656,0,0,0
"171",3135,1,0,0,0
"172",3134,1,0,0,0
"173",3133,1,0,0,0
"174",3132,1,0,0,0
"175",3131,1,5,0,0
"176",3130,1,7,0,0
"177",3129,1,0,0,0
"178",3128,1,0,0,0
"179",3127,1,0,0,0
"180",3126,1,0,0,0
"181",3125,1,0,0,0
"182",3124,1,7,0,0
"183",3123,1,0,0,0
"184",3122,1,9,0,0
"185",3121,1,1,0,0
"186",3120,1,0,0,0
"187",3119,1,0,0,0
"188",3118,1,0,0,0
"189",3117,1,0,0,0
"190",7210,1,0,0,0
"191",7209,1,0,0,0
"192",7208,1,0,0,0
"193",7207,1,0,0,0
"194",7206,1,0,0,0
"195",7205,1,0,0,0
"196",7204,1,0,0,0
"197",7203,1,0,0,0
"198",7202,1,0,0,0
"199",7201,1,0,0,0
"200",7200,1,22765,0,0
"201",7199,1,22765,0,0
"202",7198,1,22765,0,0
"203",7197,1,22766,0,0
"204",7196,1,22769,0,0
"205",7195,1,22838,3,0.000131360014011735
"206",7194,1.01593059012378,22951,5,0.000221325996715563
"207",7193,1.45816427110066,61,0,0
"208",7192,4.50129167225129,3,0,0
"209",7191,107.394137118954,0,0,0
"210",7190,87097.995261129,0,0,0
"211",7189,293.336361183351,0,0,0
"212",7188,2568.06136650423,0,0,0
"213",3072,1,0,0,0
"214",7295,1,0,0,0
"215",7294,1,0,0,0
"216",7293,1,0,0,0
"217",7292,1,0,0,0
"218",7291,1,0,0,0
"219",7290,1,0,0,0
"220",7289,1,0,0,0
"221",7288,1,0,0,0
"222",7287,1,22765,0,0
"223",7286,1,22765,0,0
"224",7285,1,22765,0,0
"225",7284,1,22796,5,0.000219336725741358
"226",7283,1,22771,2,8.78310131307365e-05
"227",7282,1,22796,0,0
"228",7281,1.08133323702528,22915,2,9.43777645232628e-05
"229",7280,21.5822418814129,3,0,0
"230",3159,1,0,0,0
"231",3158,1,0,0,0
"232",3157,1,0,0,0
"233",3156,1,0,0,0
"234",3155,1,0,0,0
"235",3154,1,0,0,0
"236",3153,1,0,0,0
"237",3152,1,0,0,0
"238",3151,1,0,0,0
"239",3150,1,0,0,0
"240",3149,1,178,0,0
"241",3148,1,55,1,0.0181818181818182
"242",3147,1,0,0,0
"243",3146,1,0,0,0
"244",3145,1,0,0,0
"245",3144,1,0,0,0
"246",3143,1,0,0,0
"247",3142,1,0,0,0
"248",3141,1,15,0,0
"249",3140,1,13,0,0
"250",3139,1,11,0,0
"251",3138,1,3,0,0
"252",3137,1,0,0,0
"253",3136,1,0,0,0
"254",7103,1.02744584378888,16761,14,0.000858197113122387
"255",7102,1.16004337110926,16761,4,0.000276843474997734
"256",7101,1.8068063092098,16760,0,0
"257",7100,40.4938478345551,0,0,0
"258",2986,1,0,0,0
"259",2985,1,0,0,0
"260",2984,1,0,0,0
"261",2983,1,0,0,0
"262",2982,1,0,0,0
"263",2981,1,0,0,0
"264",2980,1,0,0,0
"265",2979,1,0,0,0
"266",2978,1,0,0,0
"267",2977,1,0,0,0
"268",2976,1,0,0,0
"269",2975,1,0,0,0
"270",2974,1,9,0,0
"271",2973,1,12,0,0
"272",2972,1,10,0,0
"273",2971,1,0,0,0
"274",2970,1,4,0,0
"275",2969,1,0,0,0
"276",2968,1,0,0,0
"277",2967,1,32,0,0
"278",2966,1,0,0,0
"279",2965,1,0,0,0
"280",2964,1,0,0,0
"281",2963,1,0,0,0
"282",2962,1,5,0,0
"283",2961,1,8,0,0
"284",2960,1,4,0,0
"285",2959,1,0,0,0
"286",2958,1,0,0,0
"287",2957,1,0,0,0
"288",2956,1,0,0,0
"289",2955,1,0,0,0
"290",2954,1,0,0,0
"291",2953,1,6,0,0
"292",2952,1,0,0,0
"293",2951,1,6,0,0
"294",2950,1,6,0,0
"295",2949,1,0,0,0
"296",2948,1,0,0,0
"297",2947,1,0,0,0
"298",2946,1,0,0,0
"299",3071,1,0,0,0
"300",3070,1,0,0,0
"301",3069,1,0,0,0
"302",3068,1,0,0,0
"303",3067,1,0,0,0
"304",3066,1,0,0,0
"305",3065,1,0,0,0
"306",3064,1,0,0,0
"307",3063,1,64,0,0
"308",3062,1,0,0,0
"309",3061,1,0,0,0
"310",3060,1,0,0,0
"311",3059,1,0,0,0
"312",3058,1,0,0,0
"313",3057,1,8,0,0
"314",3056,1,13,0,0
"315",3055,1,19,0,0
"316",3054,1,0,0,0
"317",3053,1,0,0,0
"318",3052,1,44,0,0
"319",3051,1,0,0,0
"320",3050,1,0,0,0
"321",3049,1,0,0,0
"322",3048,1,0,0,0
"323",3047,1,0,0,0
"324",3046,1,0,0,0
"325",3045,1,9,0,0
"326",3044,1,0,0,0
"327",3043,1,0,0,0
"328",3042,1,0,0,0
"329",3041,1,0,0,0
"330",3040,1,0,0,0
"331",3039,1,0,0,0
"332",3038,1,6,0,0
"333",3037,1,0,0,0
"334",3036,1,7,0,0
"335",3035,1,5,0,0
"336",3034,1,0,0,0
"337",3033,1,0,0,0
"338",3032,1,0,0,0
"339",3031,1,0,0,0
"340",7125,1,0,0,0
"341",7124,1,0,0,0
"342",7123,1,0,0,0
"343",7122,1,0,0,0
"344",7121,1,0,0,0
"345",7120,1,0,0,0
"346",7119,1,0,0,0
"347",7118,1,0,0,0
"348",7117,1,0,0,0
"349",7116,1,0,0,0
"350",7115,1,0,0,0
"351",7114,1,22765,0,0
"352",7113,1,22765,5,0.000219635405227323
"353",7112,1,22765,0,0
"354",7111,1,22765,0,0
"355",7110,1,22765,0,0
"356",7109,1,22798,0,0
"357",7108,1,22867,0,0
"358",7107,1,149,6,0.0402684563758389
"359",2879,1,0,0,0
"360",7106,1.37684855429889,98,4,0.0561979001754649
"361",2878,1,0,0,0
"362",7105,1.07910527180436,16828,10,0.000641255806872091
"363",2877,1,4,0,0
"364",7104,1.11161277781677,16784,39,0.00258298965293458
"365",2876,1,7,0,0
"366",2875,1,15,0,0
"367",2874,1,0,0,0
"368",2873,1,0,0,0
"369",2872,1,0,0,0
"370",2871,1,0,0,0
"371",2870,1,0,0,0
"372",2869,1,0,0,0
"373",2868,1,0,0,0
"374",2867,1,7,0,0
"375",2866,1,0,0,0
"376",2865,1,6,0,0
"377",2864,1,6,0,0
"378",2863,1,0,0,0
"379",2862,1,0,0,0
"380",2861,1,0,0,0
"381",2860,1,0,0,0
"382",6954,1,2,0,0
"383",6953,1,2,0,0
"384",6952,1,3,0,0
"385",6951,1,4,0,0
"386",6950,1,4,0,0
"387",6949,1,3,0,0
"388",6948,1,1,0,0
"389",6947,1,0,0,0
"390",6946,1,0,0,0
"391",6945,1,0,0,0
"392",6944,1,0,0,0
"393",6943,1,0,0,0
"394",6942,1,0,0,0
"395",6941,1,0,0,0
"396",6940,1,1,0,0
"397",6939,1,22767,0,0
"398",6938,1,22769,0,0
"399",6937,1,22772,1,4.39135780783418e-05
"400",6936,1,18,0,0
"401",6935,1,20,0,0
"402",6934,1,104,4,0.0384615384615385
"403",6933,1,16980,13,0.000765606595995289
"404",6932,1,16850,8,0.000474777448071217
"405",6931,1,16804,8,0.000476077124494168
"406",6930,1,16779,4,0.000238393229632278
"407",6929,1,16763,4,0.000238620771938197
"408",6928,1,32773,9,0.000274616300003051
"409",6927,3.71627555365013,16011,0,0
"410",7039,1,0,0,0
"411",7038,1,0,0,0
"412",7037,1,0,0,0
"413",7036,1,0,0,0
"414",7035,1,0,0,0
"415",7034,1,0,0,0
"416",7033,1,0,0,0
"417",7032,1,0,0,0
"418",7031,1,0,0,0
"419",7030,1,0,0,0
"420",7029,1,0,0,0
"421",7028,1,0,0,0
"422",7027,1,0,0,0
"423",7026,1,22765,0,0
"424",7025,1,22765,0,0
"425",7024,1,22765,1,4.39270810454645e-05
"426",7023,1,22765,0,0
"427",7022,1,22778,0,0
"428",7021,1,22802,1,4.38558021226208e-05
"429",7020,1,212,1,0.00471698113207547
"430",7019,1,16989,10,0.000588616163399847
"431",7018,1,16832,11,0.00065351711026616
"432",7017,1,16829,13,0.000772476082952047
"433",7016,1,16776,5,0.000298044825941822
"434",7015,1,16754,7,0.00041781067207831
"435",7014,1.02790375511297,16762,2,0.000122646910286717
"436",7013,8.06432977720306,32764,0,0
"437",2900,1,3,0,0
"438",2899,1,23,0,0
"439",2898,1,14,0,0
"440",2897,1,0,0,0
"441",2896,1,0,0,0
"442",2895,1,0,0,0
"443",2894,1,0,0,0
"444",2893,1,0,0,0
"445",2892,1,0,0,0
"446",2891,1,0,0,0
"447",2890,1,0,0,0
"448",2889,1,13,0,0
"449",2888,1,8,0,0
"450",2887,1,0,0,0
"451",2886,1,0,0,0
"452",2885,1,0,0,0
"453",2884,1,0,0,0
"454",2883,1,11,0,0
"455",2882,1,0,0,0
"456",2881,1,0,0,0
"457",2880,1,7,0,0
"458",6847,1,38,0,0
"459",6846,1,16820,0,0
"460",6845,1,16833,2,0.000118814233945227
"461",6844,1,16808,2,0.000118990956687292
"462",6843,1,16887,3,0.0001776514478593
"463",6842,1,32819,7,0.000213291081385783
"464",6841,1,32805,7,0.000213382106386222
"465",6840,2.32363673897326,16018,0,0
"466",6838,4.99048730331495,16227,0,0
"467",6837,259.469677091468,16011,4,0.0648228535610438
"468",2725,1,0,0,0
"469",2724,1,0,0,0
"470",2723,1,11,0,0
"471",2722,1,18,0,0
"472",2721,1,17,0,0
"473",2720,1,13,0,0
"474",2719,1,8,0,0
"475",2718,1,0,0,0
"476",2717,1,0,0,0
"477",2716,1,0,0,0
"478",2715,1,0,0,0
"479",2714,1,0,0,0
"480",2713,1,0,0,0
"481",2712,1,0,0,0
"482",2711,1,12,0,0
"483",2710,1,0,0,0
"484",2709,1,6,0,0
"485",2708,1,16,0,0
"486",2707,1,2,0,0
"487",2706,1,0,0,0
"488",2705,1,0,0,0
"489",2704,1,0,0,0
"490",2703,1,0,0,0
"491",2702,1,0,0,0
"492",2701,1,0,0,0
"493",2700,1,0,0,0
"494",2699,1,0,0,0
"495",2698,1,0,0,0
"496",2697,1,5,0,0
"497",2696,1,3,0,0
"498",2695,1,0,0,0
"499",2694,1,2,0,0
"500",2693,1,4,0,0
"501",2692,1,6,0,0
"502",2691,1,0,0,0
"503",2690,1,0,0,0
"504",2689,1,0,0,0
"505",2813,1,0,0,0
"506",2812,1,13,0,0
"507",2811,1,18,0,0
"508",2810,1,15,0,0
"509",2809,1,1,0,0
"510",2808,1,0,0,0
"511",2807,1,0,0,0
"512",2806,1,0,0,0
"513",2805,1,10,0,0
"514",2804,1,11,0,0
"515",2803,1,0,0,0
"516",2802,1,0,0,0
"517",2801,1,0,0,0
"518",2800,1,0,0,0
"519",2799,1,0,0,0
"520",2798,1,9,0,0
"521",2797,1,0,0,0
"522",2796,1,0,0,0
"523",2795,1,8,0,0
"524",2794,1,2,0,0
"525",2793,1,7,0,0
"526",2792,1,6,0,0
"527",2791,1,0,0,0
"528",2790,1,0,0,0
"529",2789,1,0,0,0
"530",2788,1,0,0,0
"531",2787,1,0,0,0
"532",2786,1,0,0,0
"533",2785,1,0,0,0
"534",2784,1,0,0,0
"535",2783,1,3,0,0
"536",2782,1,5,0,0
"537",2781,1,0,0,0
"538",2780,1,4,0,0
"539",2779,1,2,0,0
"540",2778,1,3,0,0
"541",2777,1,0,0,0
"542",2776,1,0,0,0
"543",2775,1,0,0,0
"544",6868,1,3,0,0
"545",6867,1,7,0,0
"546",6866,1,6,0,0
"547",6865,1,5,0,0
"548",6864,1,5,0,0
"549",6863,1,6,0,0
"550",6862,1,8,0,0
"551",6861,1,8,0,0
"552",6860,1,10,0,0
"553",6859,1,9,0,0
"554",6858,1,10,1,0.1
"555",6857,1,10,0,0
"556",6856,1,11,0,0
"557",6855,1,10,0,0
"558",6854,1,9,0,0
"559",6853,1,11,0,0
"560",6852,1,9,0,0
"561",6851,1,7,0,0
"562",2623,1,5,0,0
"563",6850,1,7,0,0
"564",2622,1,1,0,0
"565",6849,1,12,0,0
"566",2621,1,0,0,0
"567",6848,1,20,0,0
"568",2620,1,0,0,0
"569",2619,1,0,0,0
"570",2618,1,0,0,0
"571",2617,1,0,0,0
"572",2616,1,0,0,0
"573",2615,1,0,0,0
"574",2614,1,0,0,0
"575",2613,1,0,0,0
"576",2612,1,6,0,0
"577",2611,1,0,0,0
"578",2610,1,0,0,0
"579",2609,1,1,0,0
"580",2608,1,5,0,0
"581",2607,1,6,0,0
"582",2606,1,0,0,0
"583",2605,1,0,0,0
"584",2604,1,0,0,0
"585",6695,1,0,0,0
"586",6694,1,0,0,0
"587",6693,1,0,0,0
"588",6692,1,0,0,0
"589",6691,1,0,0,0
"590",6690,1,0,0,0
"591",6689,1,0,0,0
"592",6688,1,0,0,0
"593",6687,1,0,0,0
"594",6686,1,0,0,0
"595",6685,1,0,0,0
"596",6684,1,0,0,0
"597",6683,1,0,0,0
"598",6682,1,0,0,0
"599",6681,1,0,0,0
"600",6680,1,0,0,0
"601",6679,1,0,0,0
"602",6678,1,0,0,0
"603",6677,1,32,2,0.0625
"604",6676,1,25,1,0.04
"605",6675,1,82,2,0.024390243902439
"606",6674,1,61,0,0
"607",6673,1,16814,0,0
"608",6672,1,16847,0,0
"609",6671,1,16832,0,0
"610",6670,1,32888,1,3.04062271953296e-05
"611",6669,1,32944,5,0.000151772705196697
"612",6668,1,32959,11,0.000333747989926879
"613",6667,1,16298,7,0.000429500552214996
"614",6666,1,16280,6,0.000368550368550369
"615",6665,1,16105,29,0.00180068301769637
"616",6664,1.69011640070241,16029,5,0.000527205814680395
"617",6663,14.7441707844504,5,0,0
"618",6782,1,0,0,0
"619",6781,1,0,0,0
"620",6780,1,0,0,0
"621",6779,1,0,0,0
"622",6778,1,0,0,0
"623",6777,1,0,0,0
"624",6776,1,0,0,0
"625",6775,1,0,0,0
"626",6774,1,0,0,0
"627",6773,1,0,0,0
"628",6772,1,0,0,0
"629",6771,1,0,0,0
"630",6770,1,0,0,0
"631",6769,1,0,0,0
"632",6768,1,0,0,0
"633",6767,1,0,0,0
"634",6766,1,0,0,0
"635",6765,1,0,0,0
"636",6764,1,7,0,0
"637",6763,1,5,0,0
"638",6762,1,4,0,0
"639",6761,1,16789,0,0
"640",6760,1,16794,0,0
"641",6759,1,16840,3,0.000178147268408551
"642",6758,1,16825,5,0.000297176820208024
"643",6757,1,16917,5,0.000295560678607318
"644",6756,1,32845,8,0.000243568275232151
"645",6755,1,32841,1,3.04497426996742e-05
"646",6754,1.38174079335173,16049,0,0
"647",6753,1.95317142568591,16114,1,0.000121209595735752
"648",6752,1.00902881228332,16391,12,0.000738719159746191
"649",6751,3.40983246329388,16016,0,0
"650",2638,1,0,0,0
"651",2637,1,0,0,0
"652",2636,1,0,0,0
"653",2635,1,0,0,0
"654",2634,1,0,0,0
"655",2633,1,0,0,0
"656",2632,1,0,0,0
"657",2631,1,0,0,0
"658",2630,1,0,0,0
"659",2629,1,0,0,0
"660",2628,1,0,0,0
"661",2627,1,0,0,0
"662",2626,1,10,0,0
"663",2625,1,12,0,0
"664",2624,1,5,0,0
"665",6591,1,13,0,0
"666",6590,1,8,0,0
"667",6589,1,16,2,0.125
"668",6588,1,27,1,0.037037037037037
"669",6587,1,16810,0,0
"670",6586,1,16789,1,5.95628089820716e-05
"671",6585,1,16821,3,0.000178348492955235
"672",6584,1,32865,4,0.000121710025863381
"673",6583,1,32866,11,0.000334692387269519
"674",6582,1,32950,19,0.000576631259484067
"675",6581,1,16158,8,0.000495110781037257
"676",6580,1,16169,15,0.000927701156534108
"677",6579,1,16061,14,0.000871676732457506
"678",6578,1.07208845142194,16033,0,0
"679",2463,1,0,0,0
"680",2462,1,0,0,0
"681",2461,1,0,0,0
"682",2460,1,0,0,0
"683",2459,1,0,0,0
"684",2458,1,0,0,0
"685",2457,1,0,0,0
"686",2456,1,0,0,0
"687",2455,1,0,0,0
"688",2454,1,0,0,0
"689",2453,1,0,0,0
"690",2452,1,0,0,0
"691",2451,1,0,0,0
"692",2450,1,9,0,0
"693",2449,1,0,0,0
"694",2448,1,0,0,0
"695",2447,1,0,0,0
"696",2446,1,0,0,0
"697",2445,1,0,0,0
"698",2444,1,0,0,0
"699",2443,1,0,0,0
"700",2442,1,0,0,0
"701",2441,1,6,0,0
"702",2440,1,0,0,0
"703",2439,1,0,0,0
"704",2438,1,0,0,0
"705",2437,1,6,0,0
"706",2436,1,2,0,0
"707",2435,1,2,0,0
"708",2434,1,0,0,0
"709",2433,1,0,0,0
"710",2550,1,0,0,0
"711",2549,1,0,0,0
"712",2548,1,0,0,0
"713",2547,1,0,0,0
"714",2546,1,0,0,0
"715",2545,1,0,0,0
"716",2544,1,0,0,0
"717",2543,1,0,0,0
"718",2542,1,0,0,0
"719",2541,1,0,0,0
"720",2540,1,0,0,0
"721",2539,1,0,0,0
"722",2538,1,0,0,0
"723",2537,1,0,0,0
"724",2536,1,9,0,0
"725",2535,1,0,0,0
"726",2534,1,0,0,0
"727",2533,1,0,0,0
"728",2532,1,0,0,0
"729",2531,1,0,0,0
"730",2530,1,0,0,0
"731",2529,1,0,0,0
"732",2528,1,0,0,0
"733",2527,1,0,0,0
"734",2526,1,7,0,0
"735",2525,1,0,0,0
"736",2524,1,0,0,0
"737",2523,1,0,0,0
"738",2522,1,6,0,0
"739",2521,1,6,0,0
"740",2520,1,0,0,0
"741",2519,1,0,0,0
"742",2518,1,0,0,0
"743",6610,1,0,0,0
"744",6609,1,0,0,0
"745",6608,1,0,0,0
"746",6607,1,0,0,0
"747",6606,1,0,0,0
"748",6605,1,0,0,0
"749",6604,1,0,0,0
"750",6603,1,0,0,0
"751",6602,1,0,0,0
"752",6601,1,0,0,0
"753",6600,1,0,0,0
"754",6599,1,0,0,0
"755",6598,1,0,0,0
"756",6597,1,0,0,0
"757",6596,1,0,0,0
"758",6595,1,0,0,0
"759",2367,1,0,0,0
"760",6594,1,0,0,0
"761",2366,1,0,0,0
"762",6593,1,0,0,0
"763",2365,1,0,0,0
"764",6592,1,0,0,0
"765",2364,1,1,0,0
"766",2363,1,4,0,0
"767",2362,1,0,0,0
"768",2361,1,0,0,0
"769",2360,1,0,0,0
"770",2359,1,0,0,0
"771",2358,1,0,0,0
"772",2357,1,0,0,0
"773",2356,1,0,0,0
"774",2355,1,6,0,0
"775",2354,1,0,0,0
"776",2353,1,0,0,0
"777",2352,1,0,0,0
"778",2351,1,13,0,0
"779",2350,1,6,0,0
"780",2349,1,5,0,0
"781",2348,1,0,0,0
"782",2347,1,0,0,0
"783",6437,1,0,0,0
"784",6436,1,0,0,0
"785",6435,1,0,0,0
"786",6434,1,0,0,0
"787",6433,1,0,0,0
"788",6432,1,0,0,0
"789",6431,1,0,0,0
"790",6430,1,0,0,0
"791",6429,1,0,0,0
"792",6428,1,0,0,0
"793",6427,1,0,0,0
"794",6426,1,0,0,0
"795",6425,1,0,0,0
"796",6424,1,0,0,0
"797",6423,1,0,0,0
"798",6422,1,0,0,0
"799",6421,1,0,0,0
"800",6420,1,0,0,0
"801",6419,1,7,0,0
"802",6418,1,0,0,0
"803",6417,1,10,1,0.1
"804",6416,1,9,0,0
"805",6415,1,5,0,0
"806",6414,1,40,0,0
"807",6413,1,48,0,0
"808",6412,1,16044,0,0
"809",6411,1,16050,0,0
"810",6410,1,16061,6,0.000373575742481788
"811",6409,1,16061,3,0.000186787871240894
"812",6408,1,16081,3,0.000186555562465021
"813",6407,1,16047,1,6.23169439770674e-05
"814",6406,1.03570823263896,16054,0,0
"815",6405,51.4334439002628,0,0,0
"816",6523,1,0,0,0
"817",6522,1,0,0,0
"818",6521,1,0,0,0
"819",6520,1,0,0,0
"820",6519,1,0,0,0
"821",6518,1,0,0,0
"822",6517,1,0,0,0
"823",6516,1,0,0,0
"824",6515,1,0,0,0
"825",6514,1,0,0,0
"826",6513,1,0,0,0
"827",6512,1,0,0,0
"828",6511,1,0,0,0
"829",6510,1,0,0,0
"830",6509,1,0,0,0
"831",6508,1,0,0,0
"832",6507,1,0,0,0
"833",6506,1,0,0,0
"834",6505,1,10,0,0
"835",6504,1,0,0,0
"836",6503,1,0,0,0
"837",6502,1,0,0,0
"838",6501,1,8,0,0
"839",6500,1,35,0,0
"840",6499,1,74,7,0.0945945945945946
"841",6498,1,32790,0,0
"842",6497,1,32855,0,0
"843",6496,1,16067,4,0.000248957490508496
"844",6495,1,16105,1,6.20925178515989e-05
"845",6494,1,16088,2,0.000124316260566882
"846",6493,1,16105,7,0.000434647624961192
"847",6492,1,16056,4,0.000249128051818635
"848",6491,2.18719099732459,0,0,0
"849",2375,1,0,0,0
"850",2374,1,0,0,0
"851",2373,1,0,0,0
"852",2372,1,0,0,0
"853",2371,1,0,0,0
"854",2370,1,0,0,0
"855",2369,1,0,0,0
"856",2368,1,0,0,0
"857",6335,1,0,0,0
"858",6334,1,0,0,0
"859",6333,1,0,0,0
"860",6332,1,31,4,0.129032258064516
"861",6331,1,20,2,0.1
"862",6330,1,9,0,0
"863",6329,1,9,0,0
"864",6328,1,6,0,0
"865",6327,1,22,0,0
"866",6326,1,14,0,0
"867",6325,1,16029,1,6.23869237007923e-05
"868",6324,1,16037,5,0.000311779011036977
"869",6323,1,16088,4,0.000248632521133764
"870",6322,1,16049,1,6.23091781419403e-05
"871",6321,1,16047,1,6.23169439770674e-05
"872",6320,1,16017,0,0
"873",6319,1.00922481495301,16087,0,0
"874",6318,1.45390339084675,15,0,0
"875",6317,18.4164570471933,11472,0,0
"876",2200,1,0,0,0
"877",2199,1,0,0,0
"878",2198,1,0,0,0
"879",2197,1,0,0,0
"880",2196,1,0,0,0
"881",2195,1,0,0,0
"882",2194,1,0,0,0
"883",2193,1,0,0,0
"884",2192,1,2,0,0
"885",2191,1,2,0,0
"886",2190,1,0,0,0
"887",2189,1,0,0,0
"888",2188,1,0,0,0
"889",2187,1,0,0,0
"890",2186,1,0,0,0
"891",2185,1,1,0,0
"892",2184,1,6,0,0
"893",2183,1,0,0,0
"894",2182,1,0,0,0
"895",2181,1,0,0,0
"896",2180,1,6,0,0
"897",2179,1,4,0,0
"898",2178,1,0,0,0
"899",2177,1,0,0,0
"900",2176,1,0,0,0
"901",2288,1,0,0,0
"902",2287,1,0,0,0
"903",2286,1,0,0,0
"904",2285,1,0,0,0
"905",2284,1,0,0,0
"906",2283,1,0,0,0
"907",2282,1,0,0,0
"908",2281,1,0,0,0
"909",2280,1,0,0,0
"910",2279,1,0,0,0
"911",2278,1,8,0,0
"912",2277,1,0,0,0
"913",2276,1,0,0,0
"914",2275,1,0,0,0
"915",2274,1,0,0,0
"916",2273,1,0,0,0
"917",2272,1,0,0,0
"918",2271,1,0,0,0
"919",2270,1,6,0,0
"920",2269,1,0,0,0
"921",2268,1,0,0,0
"922",2267,1,0,0,0
"923",2266,1,12,0,0
"924",2265,1,0,0,0
"925",2264,1,0,0,0
"926",2263,1,0,0,0
"927",2262,1,0,0,0
"928",6350,1,0,0,0
"929",6349,1,0,0,0
"930",6348,1,0,0,0
"931",6347,1,0,0,0
"932",6346,1,0,0,0
"933",6345,1,0,0,0
"934",6344,1,0,0,0
"935",6343,1,0,0,0
"936",6342,1,0,0,0
"937",6341,1,0,0,0
"938",6340,1,0,0,0
"939",6339,1,0,0,0
"940",2111,1,0,0,0
"941",6338,1,0,0,0
"942",2110,1,0,0,0
"943",6337,1,0,0,0
"944",2109,1,0,0,0
"945",6336,1,0,0,0
"946",2108,1,0,0,0
"947",2107,1,0,0,0
"948",2106,1,10,0,0
"949",2105,1,0,0,0
"950",2104,1,0,0,0
"951",2103,1,0,0,0
"952",2102,1,0,0,0
"953",2101,1,0,0,0
"954",2100,1,2,0,0
"955",2099,1,6,0,0
"956",2098,1,0,0,0
"957",2097,1,0,0,0
"958",2096,1,0,0,0
"959",2095,1,6,0,0
"960",2094,1,7,0,0
"961",2093,1,0,0,0
"962",2092,1,0,0,0
"963",6178,1,0,0,0
"964",6177,1,0,0,0
"965",6176,1,0,0,0
"966",6175,1,0,0,0
"967",6174,1,0,0,0
"968",6173,1,0,0,0
"969",6172,1,0,0,0
"970",6171,1,0,0,0
"971",6170,1,0,0,0
"972",6169,1,0,0,0
"973",6168,1,0,0,0
"974",6167,1,0,0,0
"975",6166,1,0,0,0
"976",6165,1,0,0,0
"977",6164,1,0,0,0
"978",6163,1,0,0,0
"979",6162,1,0,0,0
"980",6161,1,0,0,0
"981",6160,1,6,0,0
"982",6159,1,0,0,0
"983",6158,1,0,0,0
"984",6157,1,0,0,0
"985",6156,1,0,0,0
"986",6155,1,0,0,0
"987",6154,1,0,0,0
"988",6153,1,9,0,0
"989",6152,1,13,0,0
"990",6151,1,50,0,0
"991",6150,1,16038,0,0
"992",6149,1,16025,0,0
"993",6148,1,16030,0,0
"994",6147,1,16011,0,0
"995",6146,1,11495,0,0
"996",6145,1.02578196886541,11490,0,0
"997",6144,1.87049745500028,11485,0,0
"998",6265,1,0,0,0
"999",6264,1,0,0,0
"1000",6263,1,0,0,0
"1001",6262,1,0,0,0
"1002",6261,1,0,0,0
"1003",6260,1,0,0,0
"1004",6259,1,0,0,0
"1005",6258,1,0,0,0
"1006",6257,1,0,0,0
"1007",6256,1,0,0,0
"1008",6255,1,0,0,0
"1009",6254,1,0,0,0
"1010",6253,1,0,0,0
"1011",6252,1,0,0,0
"1012",6251,1,0,0,0
"1013",6250,1,0,0,0
"1014",6249,1,0,0,0
"1015",6248,1,0,0,0
"1016",6247,1,8,1,0.125
"1017",6246,1,4,0,0
"1018",6245,1,0,0,0
"1019",6244,1,0,0,0
"1020",6243,1,0,0,0
"1021",6242,1,0,0,0
"1022",6241,1,0,0,0
"1023",6240,1,0,0,0
"1024",6239,1,23,1,0.0434782608695652
"1025",6238,1,16044,3,0.00018698578908003
"1026",6237,1,16084,9,0.000559562297935837
"1027",6236,1,16031,0,0
"1028",6235,1,16052,0,0
"1029",6234,1,16016,0,0
"1030",6233,1,16037,0,0
"1031",6232,1.04184484687792,11492,0,0
"1032",6231,29.4990953737846,11470,0,0
"1033",2113,1,0,0,0
"1034",2112,1,0,0,0
"1035",6079,1,0,0,0
"1036",6078,1,0,0,0
"1037",6077,1,0,0,0
"1038",6076,1,0,0,0
"1039",6075,1,0,0,0
"1040",6074,1,7,0,0
"1041",6073,1,0,0,0
"1042",6072,1,0,0,0
"1043",6071,1,0,0,0
"1044",6070,1,0,0,0
"1045",6069,1,0,0,0
"1046",6068,1,7,0,0
"1047",6067,1,16,0,0
"1048",6066,1,26,0,0
"1049",6065,1,52,0,0
"1050",6064,1,17,0,0
"1051",6063,1,17,0,0
"1052",6062,1,29,0,0
"1053",6061,1,11478,7,0.000609862345356334
"1054",6060,1,11490,2,0.000174064403829417
"1055",6059,1,11479,0,0
"1056",6058,1,11480,0,0
"1057",6057,2.47437132675024,11487,0,0
"1058",1938,1,0,0,0
"1059",1937,1,0,0,0
"1060",1936,1,0,0,0
"1061",1935,1,0,0,0
"1062",1934,1,0,0,0
"1063",1933,1,0,0,0
"1064",1932,1,6,0,0
"1065",1931,1,8,0,0
"1066",1930,1,8,0,0
"1067",1929,1,6,0,0
"1068",1928,1,2,0,0
"1069",1927,1,0,0,0
"1070",1926,1,0,0,0
"1071",1925,1,0,0,0
"1072",1924,1,6,0,0
"1073",1923,1,0,0,0
"1074",1922,1,6,0,0
"1075",1921,1,0,0,0
"1076",6143,3.51404322500156,11476,0,0
"1077",2025,1,0,0,0
"1078",2024,1,0,0,0
"1079",2023,1,0,0,0
"1080",2022,1,0,0,0
"1081",2021,1,0,0,0
"1082",2020,1,2,0,0
"1083",2019,1,9,0,0
"1084",2018,1,6,0,0
"1085",2017,1,0,0,0
"1086",2016,1,0,0,0
"1087",2015,1,0,0,0
"1088",2014,1,4,0,0
"1089",2013,1,4,0,0
"1090",2012,1,0,0,0
"1091",2011,1,0,0,0
"1092",2010,1,0,0,0
"1093",2009,1,7,0,0
"1094",2008,1,0,0,0
"1095",2007,1,6,0,0
"1096",2006,1,0,0,0
"1097",6092,1,0,0,0
"1098",6091,1,0,0,0
"1099",6090,1,0,0,0
"1100",6089,1,0,0,0
"1101",6088,1,0,0,0
"1102",6087,1,0,0,0
"1103",6086,1,0,0,0
"1104",6085,1,0,0,0
"1105",6084,1,0,0,0
"1106",6083,1,0,0,0
"1107",6082,1,0,0,0
"1108",6081,1,0,0,0
"1109",6080,1,0,0,0
"1110",1850,1,0,0,0
"1111",1849,1,0,0,0
"1112",1848,1,0,0,0
"1113",1847,1,0,0,0
"1114",1846,1,0,0,0
"1115",1845,1,0,0,0
"1116",1844,1,0,0,0
"1117",1843,1,11,0,0
"1118",1842,1,0,0,0
"1119",1841,1,0,0,0
"1120",1840,1,0,0,0
"1121",1839,1,0,0,0
"1122",1838,1,4,0,0
"1123",1837,1,4,0,0
"1124",1836,1,6,0,0
"1125",1835,1,0,0,0
"1126",5920,1,0,0,0
"1127",5919,1,0,0,0
"1128",5918,1,0,0,0
"1129",5917,1,0,0,0
"1130",5916,1,0,0,0
"1131",5915,1,0,0,0
"1132",5914,1,0,0,0
"1133",5913,1,0,0,0
"1134",5912,1,0,0,0
"1135",5911,1,0,0,0
"1136",5910,1,0,0,0
"1137",5909,1,0,0,0
"1138",5908,1,0,0,0
"1139",5907,1,0,0,0
"1140",5906,1,0,0,0
"1141",5905,1,0,0,0
"1142",5904,1,0,0,0
"1143",5903,1,0,0,0
"1144",5902,1,3,0,0
"1145",5901,1,3,0,0
"1146",5900,1,0,0,0
"1147",5899,1,0,0,0
"1148",5898,1,0,0,0
"1149",5897,1,10,0,0
"1150",5896,1,0,0,0
"1151",5895,1,6,0,0
"1152",5894,1,23,0,0
"1153",5893,1,22,0,0
"1154",5892,1,19,0,0
"1155",5891,1,44,0,0
"1156",5890,1,0,0,0
"1157",5889,1,11474,0,0
"1158",5888,1,11482,0,0
"1159",6005,1,0,0,0
"1160",6004,1,0,0,0
"1161",6003,1,0,0,0
"1162",6002,1,0,0,0
"1163",6001,1,0,0,0
"1164",6000,1,0,0,0
"1165",5999,1,0,0,0
"1166",5998,1,0,0,0
"1167",5997,1,0,0,0
"1168",5996,1,0,0,0
"1169",5995,1,0,0,0
"1170",5994,1,0,0,0
"1171",5993,1,0,0,0
"1172",5992,1,0,0,0
"1173",5991,1,0,0,0
"1174",5990,1,0,0,0
"1175",5989,1,0,0,0
"1176",5988,1,0,0,0
"1177",5987,1,5,0,0
"1178",5986,1,0,0,0
"1179",5985,1,0,0,0
"1180",5984,1,0,0,0
"1181",5983,1,0,0,0
"1182",5982,1,7,0,0
"1183",5981,1,8,0,0
"1184",5980,1,16,0,0
"1185",5979,1,11,0,0
"1186",5978,1,40,0,0
"1187",5977,1,27,0,0
"1188",5976,1,39,0,0
"1189",5975,1,11488,0,0
"1190",5974,1,11472,1,8.71687587168759e-05
"1191",5973,1,11486,4,0.000348250043531255
"1192",5972,1,11493,3,0.000261028452101279
"1193",5971,1,11470,9,0.000784655623365301
"1194",5970,1.90237628285701,11489,0,0
"1195",5823,1,0,0,0
"1196",5822,1,0,0,0
"1197",5821,1,0,0,0
"1198",5820,1,0,0,0
"1199",5819,1,0,0,0
"1200",5818,1,0,0,0
"1201",5817,1,0,0,0
"1202",5816,1,0,0,0
"1203",5815,1,5,0,0
"1204",5814,1,0,0,0
"1205",5813,1,0,0,0
"1206",5812,1,0,0,0
"1207",5811,1,10,0,0
"1208",5810,1,0,0,0
"1209",5809,1,0,0,0
"1210",5808,1,24,0,0
"1211",5807,1,0,0,0
"1212",5806,1,12,0,0
"1213",5805,1,16,0,0
"1214",5804,1,53,0,0
"1215",5803,1,2,0,0
"1216",5802,1,11470,0,0
"1217",5801,1,11480,0,0
"1218",5800,1,11481,0,0
"1219",5799,1,11481,7,0.000609702987544639
"1220",5798,1,11486,6,0.000522375065296883
"1221",5797,1.30500188355463,11494,2,0.00022707532339562
"1222",5796,3.32749347312518,0,0,0
"1223",1675,1,0,0,0
"1224",1674,1,0,0,0
"1225",1673,1,0,0,0
"1226",1672,1,0,0,0
"1227",1671,1,0,0,0
"1228",1670,1,0,0,0
"1229",1669,1,0,0,0
"1230",1668,1,0,0,0
"1231",1667,1,1,0,0
"1232",1666,1,10,0,0
"1233",1665,1,37,0,0
"1234",1664,1,0,0,0
"1235",5887,1,11473,21,0.00183038438071995
"1236",5886,1,11494,10,0.000870019140421089
"1237",5885,1,11484,2,0.00017415534656914
"1238",5884,1.89867704565569,11480,0,0
"1239",1763,1,0,0,0
"1240",1762,1,0,0,0
"1241",1761,1,0,0,0
"1242",1760,1,0,0,0
"1243",1759,1,0,0,0
"1244",1758,1,0,0,0
"1245",1757,1,0,0,0
"1246",1756,1,0,0,0
"1247",1755,1,0,0,0
"1248",1754,1,0,0,0
"1249",1753,1,3,0,0
"1250",1752,1,11,0,0
"1251",1751,1,15,0,0
"1252",1750,1,0,0,0
"1253",5833,1,0,0,0
"1254",5832,1,0,0,0
"1255",5831,1,0,0,0
"1256",5830,1,0,0,0
"1257",5829,1,0,0,0
"1258",5828,1,0,0,0
"1259",5827,1,0,0,0
"1260",5826,1,0,0,0
"1261",5825,1,0,0,0
"1262",5824,1,0,0,0
"1263",1588,1,0,0,0
"1264",1587,1,0,0,0
"1265",1586,1,0,0,0
"1266",1585,1,0,0,0
"1267",1584,1,0,0,0
"1268",1583,1,0,0,0
"1269",1582,1,0,0,0
"1270",1581,1,6,0,0
"1271",1580,1,6,0,0
"1272",1579,1,0,0,0
"1273",5660,1,0,0,0
"1274",5659,1,0,0,0
"1275",5658,1,0,0,0
"1276",5657,1,0,0,0
"1277",5656,1,0,0,0
"1278",5655,1,0,0,0
"1279",5654,1,0,0,0
"1280",5653,1,0,0,0
"1281",5652,1,0,0,0
"1282",5651,1,0,0,0
"1283",5650,1,0,0,0
"1284",5649,1,0,0,0
"1285",5648,1,0,0,0
"1286",5647,1,0,0,0
"1287",5646,1,0,0,0
"1288",5645,1,0,0,0
"1289",5644,1,0,0,0
"1290",5643,1,0,0,0
"1291",5642,1,6,0,0
"1292",5641,1,0,0,0
"1293",5640,1,0,0,0
"1294",5639,1,13,0,0
"1295",5638,1,0,0,0
"1296",5637,1,11,0,0
"1297",5636,1,22,0,0
"1298",5635,1,0,0,0
"1299",5634,1,19,3,0.157894736842105
"1300",5633,1,14,2,0.142857142857143
"1301",5632,1,20,0,0
"1302",5747,1,0,0,0
"1303",5746,1,0,0,0
"1304",5745,1,0,0,0
"1305",5744,1,0,0,0
"1306",5743,1,0,0,0
"1307",5742,1,0,0,0
"1308",5741,1,0,0,0
"1309",5740,1,0,0,0
"1310",5739,1,0,0,0
"1311",5738,1,0,0,0
"1312",5737,1,0,0,0
"1313",5736,1,0,0,0
"1314",5735,1,0,0,0
"1315",5734,1,0,0,0
"1316",5733,1,0,0,0
"1317",5732,1,0,0,0
"1318",5731,1,0,0,0
"1319",5730,1,0,0,0
"1320",5729,1,6,0,0
"1321",5728,1,0,0,0
"1322",5727,1,0,0,0
"1323",5726,1,0,0,0
"1324",5725,1,11,0,0
"1325",5724,1,0,0,0
"1326",5723,1,9,0,0
"1327",5722,1,23,0,0
"1328",5721,1,9,1,0.111111111111111
"1329",5720,1,6,0,0
"1330",5719,1,23,0,0
"1331",5718,1,14,0,0
"1332",5717,1,11484,0,0
"1333",5716,1,11470,1,8.71839581517001e-05
"1334",5715,1,11475,0,0
"1335",5714,1,11470,4,0.0003487358326068
"1336",5713,1,11481,6,0.000522602560752548
"1337",5712,1,11478,3,0.000261369576581286
"1338",5711,1,11490,3,0.000261096605744125
"1339",5710,1.0828235018308,25,0,0
"1340",5709,1.34917951041619,167,0,0
"1341",5708,1.83111830881929,0,0,0
"1342",5707,15.7266464696753,3,0,0
"1343",5567,1,0,0,0
"1344",5566,1,0,0,0
"1345",5565,1,0,0,0
"1346",5564,1,0,0,0
"1347",5563,1,0,0,0
"1348",5562,1,0,0,0
"1349",5561,1,0,0,0
"1350",5560,1,0,0,0
"1351",5559,1,0,0,0
"1352",5558,1,0,0,0
"1353",5557,1,0,0,0
"1354",5556,1,7,0,0
"1355",5555,1,0,0,0
"1356",5554,1,0,0,0
"1357",5553,1,9,0,0
"1358",5552,1,2,0,0
"1359",5551,1,27,0,0
"1360",5550,1,5,0,0
"1361",5549,1,0,0,0
"1362",5548,1,1,0,0
"1363",5547,1,12,0,0
"1364",5546,1,8,0,0
"1365",5545,1,8,0,0
"1366",5544,1,12,0,0
"1367",5543,1,11485,0,0
"1368",5542,1,11470,0,0
"1369",5541,1,11470,0,0
"1370",5540,1,11481,0,0
"1371",5539,1,11470,0,0
"1372",5538,1,11470,0,0
"1373",5537,1,21,0,0
"1374",5536,1.14706461259999,16,0,0
"1375",5535,1.3399463631254,9,0,0
"1376",1413,1,0,0,0
"1377",1412,1,0,0,0
"1378",1411,1,0,0,0
"1379",1410,1,7,0,0
"1380",1409,1,0,0,0
"1381",1408,1,6,0,0
"1382",5631,1,9,0,0
"1383",5630,1,11485,0,0
"1384",5629,1,11475,0,0
"1385",5628,1,11470,0,0
"1386",5627,1,11470,0,0
"1387",5626,1,11480,0,0
"1388",5625,1,11470,3,0.0002615518744551
"1389",5624,1,11470,0,0
"1390",5623,1,7,0,0
"1391",5622,1,39,0,0
"1392",5621,1,4,0,0
"1393",5620,11.6640731144987,0,0,0
"1394",1500,1,0,0,0
"1395",1499,1,0,0,0
"1396",1498,1,0,0,0
"1397",1497,1,0,0,0
"1398",1496,1,0,0,0
"1399",1495,1,6,0,0
"1400",1494,1,0,0,0
"1401",1493,1,5,0,0
"1402",5574,1,0,0,0
"1403",5573,1,0,0,0
"1404",5572,1,0,0,0
"1405",5571,1,0,0,0
"1406",5570,1,0,0,0
"1407",5569,1,0,0,0
"1408",5568,1,0,0,0
"1409",1325,1,0,0,0
"1410",1324,1,41,0,0
"1411",1323,1,5,0,0
"1412",1322,1,24,0,0
"1413",5402,1,0,0,0
"1414",5401,1,0,0,0
"1415",5400,1,0,0,0
"1416",5399,1,0,0,0
"1417",5398,1,0,0,0
"1418",5397,1,0,0,0
"1419",5396,1,0,0,0
"1420",5395,1,0,0,0
"1421",5394,1,0,0,0
"1422",5393,1,0,0,0
"1423",5392,1,0,0,0
"1424",5391,1,0,0,0
"1425",5390,1,0,0,0
"1426",5389,1,0,0,0
"1427",5388,1,0,0,0
"1428",5387,1,0,0,0
"1429",5386,1,0,0,0
"1430",5385,1,0,0,0
"1431",5384,1,3,0,0
"1432",5383,1,6,0,0
"1433",5382,1,0,0,0
"1434",5381,1,9,0,0
"1435",5380,1,8,0,0
"1436",5379,1,11,0,0
"1437",5378,1,4,0,0
"1438",5377,1,0,0,0
"1439",5376,1,3,0,0
"1440",5488,1,0,0,0
"1441",5487,1,0,0,0
"1442",5486,1,0,0,0
"1443",5485,1,0,0,0
"1444",5484,1,0,0,0
"1445",5483,1,0,0,0
"1446",5482,1,0,0,0
"1447",5481,1,0,0,0
"1448",5480,1,0,0,0
"1449",5479,1,0,0,0
"1450",5478,1,0,0,0
"1451",5477,1,0,0,0
"1452",5476,1,0,0,0
"1453",5475,1,0,0,0
"1454",5474,1,0,0,0
"1455",5473,1,0,0,0
"1456",5472,1,0,0,0
"1457",5471,1,0,0,0
"1458",5470,1,0,0,0
"1459",5469,1,6,0,0
"1460",5468,1,0,0,0
"1461",5467,1,11,0,0
"1462",5466,1,0,0,0
"1463",5465,1,20,0,0
"1464",5464,1,11,0,0
"1465",5463,1,0,0,0
"1466",5462,1,0,0,0
"1467",5461,1,8,0,0
"1468",5460,1,0,0,0
"1469",5459,1,6,0,0
"1470",5458,1,0,0,0
"1471",5457,1,8,0,0
"1472",5456,1,11494,0,0
"1473",5455,1,11484,0,0
"1474",5454,1,11470,0,0
"1475",5453,1,11480,0,0
"1476",5452,1,11470,0,0
"1477",5451,1,20,0,0
"1478",5450,1,48,3,0.0625
"1479",5449,1.0611275482216,197,0,0
"1480",5448,2.69332044414257,101,0,0
"1481",5311,1,0,0,0
"1482",5310,1,0,0,0
"1483",5309,1,0,0,0
"1484",5308,1,0,0,0
"1485",5307,1,0,0,0
"1486",5306,1,0,0,0
"1487",5305,1,0,0,0
"1488",5304,1,0,0,0
"1489",5303,1,0,0,0
"1490",5302,1,0,0,0
"1491",5301,1,0,0,0
"1492",5300,1,0,0,0
"1493",5299,1,0,0,0
"1494",5298,1,0,0,0
"1495",5297,1,7,0,0
"1496",5296,1,4,0,0
"1497",5295,1,0,0,0
"1498",5294,1,13,0,0
"1499",5293,1,17,0,0
"1500",5292,1,9,0,0
"1501",5291,1,0,0,0
"1502",5290,1,0,0,0
"1503",5289,1,10,0,0
"1504",5288,1,0,0,0
"1505",5287,1,9,0,0
"1506",5286,1,0,0,0
"1507",5285,1,0,0,0
"1508",5284,1,0,0,0
"1509",5283,1,10,0,0
"1510",5282,1,60,0,0
"1511",5281,1,65,0,0
"1512",5280,1,105,8,0.0761904761904762
"1513",5279,1,78,2,0.0256410256410256
"1514",5278,1,66,0,0
"1515",5277,1,171,0,0
"1516",5276,3.47949941515653,2,0,0
"1517",5375,1,4,0,0
"1518",5374,1,6,0,0
"1519",5373,1,0,0,0
"1520",5372,1,0,0,0
"1521",5371,1,0,0,0
"1522",5370,1,8,0,0
"1523",5369,1,64,0,0
"1524",5368,1,0,0,0
"1525",5367,1,21,0,0
"1526",5366,1,52,0,0
"1527",5365,1,82,5,0.0609756097560976
"1528",5364,1,141,0,0
"1529",5363,1.98325286656544,107,0,0
"1530",1238,1,43,0,0
"1531",1237,1,17,0,0
"1532",5315,1,0,0,0
"1533",5314,1,0,0,0
"1534",5313,1,0,0,0
"1535",5312,1,0,0,0
"1536",5143,1,0,0,0
"1537",5142,1,0,0,0
"1538",5141,1,0,0,0
"1539",5140,1,0,0,0
"1540",5139,1,0,0,0
"1541",5138,1,0,0,0
"1542",5137,1,0,0,0
"1543",5136,1,0,0,0
"1544",5135,1,0,0,0
"1545",5134,1,0,0,0
"1546",5133,1,0,0,0
"1547",5132,1,0,0,0
"1548",5131,1,0,0,0
"1549",5130,1,0,0,0
"1550",5129,1,0,0,0
"1551",5128,1,0,0,0
"1552",5127,1,0,0,0
"1553",5126,1,0,0,0
"1554",5125,1,7,0,0
"1555",5124,1,6,0,0
"1556",5123,1,0,0,0
"1557",5122,1,20,0,0
"1558",5121,1,0,0,0
"1559",5120,1,17,0,0
"1560",5229,1,0,0,0
"1561",5228,1,0,0,0
"1562",5227,1,0,0,0
"1563",5226,1,0,0,0
"1564",5225,1,0,0,0
"1565",5224,1,0,0,0
"1566",5223,1,0,0,0
"1567",5222,1,0,0,0
"1568",5221,1,0,0,0
"1569",5220,1,0,0,0
"1570",5219,1,0,0,0
"1571",5218,1,0,0,0
"1572",5217,1,0,0,0
"1573",5216,1,0,0,0
"1574",5215,1,0,0,0
"1575",5214,1,0,0,0
"1576",5213,1,0,0,0
"1577",5212,1,4,0,0
"1578",5211,1,4,0,0
"1579",5210,1,1,0,0
"1580",5209,1,0,0,0
"1581",5208,1,28,0,0
"1582",5207,1,9,0,0
"1583",5206,1,0,0,0
"1584",5205,1,0,0,0
"1585",5204,1,9,0,0
"1586",5203,1,0,0,0
"1587",5202,1,0,0,0
"1588",5201,1,5,0,0
"1589",5200,1,0,0,0
"1590",5199,1,0,0,0
"1591",5198,1,5,0,0
"1592",5197,1,25,0,0
"1593",5196,1,7,0,0
"1594",5195,1,26,0,0
"1595",5194,1,68,4,0.0588235294117647
"1596",5193,1,31,1,0.032258064516129
"1597",5192,1,162,0,0
"1598",5191,1.814354955181,29,0,0
"1599",5055,1,0,0,0
"1600",5054,1,0,0,0
"1601",5053,1,0,0,0
"1602",5052,1,0,0,0
"1603",5051,1,0,0,0
"1604",5050,1,0,0,0
"1605",5049,1,0,0,0
"1606",5048,1,0,0,0
"1607",5047,1,0,0,0
"1608",5046,1,0,0,0
"1609",5045,1,0,0,0
"1610",5044,1,0,0,0
"1611",5043,1,0,0,0
"1612",5042,1,0,0,0
"1613",5041,1,0,0,0
"1614",5040,1,0,0,0
"1615",5039,1,6,0,0
"1616",5038,1,7,0,0
"1617",5037,1,9,0,0
"1618",5036,1,6,0,0
"1619",5035,1,6,0,0
"1620",5034,1,9,0,0
"1621",5033,1,6,0,0
"1622",5032,1,8,0,0
"1623",5031,1,0,0,0
"1624",5030,1,0,0,0
"1625",5029,1,8,0,0
"1626",5028,1,0,0,0
"1627",5027,1,1,0,0
"1628",5026,1,12,0,0
"1629",5025,1,0,0,0
"1630",5024,1,22,0,0
"1631",5023,1,1,0,0
"1632",5022,1,15,0,0
"1633",5021,1,39,0,0
"1634",5020,1,133,0,0
"1635",5019,2.09864355014812,27,0,0
"1636",5008,4.63475127552084,0,0,0
"1637",5007,2.67720985948019,0,0,0
"1638",5006,2.71650114504683,0,0,0
"1639",5119,1,0,0,0
"1640",5118,1,2,0,0
"1641",5117,1,5,0,0
"1642",5116,1,0,0,0
"1643",5115,1,7,0,0
"1644",5114,1,0,0,0
"1645",5113,1,0,0,0
"1646",5112,1,0,0,0
"1647",5111,1,11,0,0
"1648",5110,1,0,0,0
"1649",5109,1,9,0,0
"1650",5108,1,9,0,0
"1651",5107,1,52,0,0
"1652",5106,1,75,2,0.0266666666666667
"1653",5105,1.90272337666437,122,0,0
"1654",5104,437.979589458037,6,0,0
"1655",5057,1,0,0,0
"1656",5056,1,0,0,0
"1657",4921,15.6186970565248,0,0,0
"1658",4920,3.64409241318943,0,0,0
"1659",4919,1.17132373764714,8,0,0
"1660",4884,1,0,0,0
"1661",4883,1,0,0,0
"1662",4882,1,0,0,0
"1663",4881,1,0,0,0
"1664",4880,1,0,0,0
"1665",4879,1,0,0,0
"1666",4878,1,0,0,0
"1667",4877,1,0,0,0
"1668",4876,1,0,0,0
"1669",4875,1,0,0,0
"1670",4874,1,0,0,0
"1671",4873,1,0,0,0
"1672",4872,1,0,0,0
"1673",4871,1,0,0,0
"1674",4870,1,0,0,0
"1675",4869,1,0,0,0
"1676",4868,1,0,0,0
"1677",4867,1,5,0,0
"1678",4866,1,2,0,0
"1679",4865,1,26,0,0
"1680",4864,1,0,0,0
"1681",4970,1,0,0,0
"1682",4969,1,0,0,0
"1683",4968,1,0,0,0
"1684",4967,1,0,0,0
"1685",4966,1,0,0,0
"1686",4965,1,0,0,0
"1687",4964,1,0,0,0
"1688",4963,1,0,0,0
"1689",4962,1,0,0,0
"1690",4961,1,0,0,0
"1691",4960,1,0,0,0
"1692",4959,1,0,0,0
"1693",4958,1,0,0,0
"1694",4957,1,0,0,0
"1695",4956,1,0,0,0
"1696",4955,1,0,0,0
"1697",4954,1,0,0,0
"1698",4953,1,0,0,0
"1699",4952,1,5,0,0
"1700",4951,1,8,0,0
"1701",4950,1,16,0,0
"1702",4949,1,0,0,0
"1703",4948,1,8,0,0
"1704",4947,1,0,0,0
"1705",4946,1,22,0,0
"1706",4945,1,0,0,0
"1707",4944,1,0,0,0
"1708",4943,1,0,0,0
"1709",4942,1,6,0,0
"1710",4941,1,0,0,0
"1711",4940,1,17,0,0
"1712",4939,1,12,0,0
"1713",4938,1,12,0,0
"1714",4937,1,0,0,0
"1715",4936,1,2,0,0
"1716",4935,1,6,0,0
"1717",4934,1,8,1,0.125
"1718",4933,1,100,1,0.01
"1719",4932,1.25111181810781,51,1,0.0245316042766237
"1720",4931,24.6031737583203,0,0,0
"1721",4798,1,0,0,0
"1722",4797,1,0,0,0
"1723",4796,1,0,0,0
"1724",4795,1,0,0,0
"1725",4794,1,0,0,0
"1726",4793,1,0,0,0
"1727",4792,1,0,0,0
"1728",4791,1,0,0,0
"1729",4790,1,0,0,0
"1730",4789,1,0,0,0
"1731",4788,1,0,0,0
"1732",4787,1,0,0,0
"1733",4786,1,0,0,0
"1734",4785,1,0,0,0
"1735",4784,1,0,0,0
"1736",4783,1,0,0,0
"1737",4782,1,0,0,0
"1738",4781,1,0,0,0
"1739",4780,1,8,0,0
"1740",4779,1,14,0,0
"1741",4778,1,9,0,0
"1742",4777,1,0,0,0
"1743",4776,1,11,0,0
"1744",4775,1,4,0,0
"1745",4774,1,14,0,0
"1746",4773,1,0,0,0
"1747",4772,1,0,0,0
"1748",4771,1,0,0,0
"1749",4770,1,8,0,0
"1750",4769,1,0,0,0
"1751",4768,1,0,0,0
"1752",4767,1,0,0,0
"1753",4766,1,0,0,0
"1754",4765,1,0,0,0
"1755",4764,1,0,0,0
"1756",4763,1,0,0,0
"1757",4762,1,6,0,0
"1758",4761,1,16,0,0
"1759",4760,1,77,5,0.0649350649350649
"1760",4759,1,81,0,0
"1761",4758,1.55794767592903,16,0,0
"1762",4757,36.9389126921814,0,0,0
"1763",4750,78.3876123558007,0,0,0
"1764",4746,1.52459957170204,10,0,0
"1765",4745,1.70716370003327,0,0,0
"1766",4863,1,6,0,0
"1767",4862,1,0,0,0
"1768",4861,1,12,0,0
"1769",4860,1,2,0,0
"1770",4859,1,0,0,0
"1771",4858,1,0,0,0
"1772",4857,1,6,0,0
"1773",4856,1,0,0,0
"1774",4855,1,0,0,0
"1775",4854,1,0,0,0
"1776",4853,1,0,0,0
"1777",4852,1,0,0,0
"1778",4851,1,0,0,0
"1779",4850,1,0,0,0
"1780",4849,1,0,0,0
"1781",4848,1,8,0,0
"1782",4847,1,101,1,0.0099009900990099
"1783",4846,1.00117582782369,88,1,0.011376998043451
"1784",4845,3.23414594283471,48,0,0
"1785",4833,1.80412849240102,8,0,0
"1786",4671,1.09306773917185,1506,0,0
"1787",4670,2.76200970601703,1505,0,0
"1788",4669,3.66917206198696,1530,0,0
"1789",4668,285.530580292173,1505,0,0
"1790",4665,1.33951485951649,0,0,0
"1791",4664,2.3941933192758,0,0,0
"1792",4660,1.21222672116046,8,0,0
"1793",4659,6.3600370016865,6,0,0
"1794",4625,1,0,0,0
"1795",4624,1,0,0,0
"1796",4623,1,0,0,0
"1797",4622,1,0,0,0
"1798",4621,1,0,0,0
"1799",4620,1,0,0,0
"1800",4619,1,0,0,0
"1801",4618,1,0,0,0
"1802",4617,1,0,0,0
"1803",4616,1,0,0,0
"1804",4615,1,0,0,0
"1805",4614,1,0,0,0
"1806",4613,1,0,0,0
"1807",4612,1,0,0,0
"1808",4611,1,0,0,0
"1809",4610,1,0,0,0
"1810",4609,1,0,0,0
"1811",4608,1,20,0,0
"1812",4712,1,0,0,0
"1813",4711,1,0,0,0
"1814",4710,1,0,0,0
"1815",4709,1,0,0,0
"1816",4708,1,0,0,0
"1817",4707,1,0,0,0
"1818",4706,1,0,0,0
"1819",4705,1,0,0,0
"1820",4704,1,0,0,0
"1821",4703,1,0,0,0
"1822",4702,1,0,0,0
"1823",4701,1,0,0,0
"1824",4700,1,0,0,0
"1825",4699,1,0,0,0
"1826",4698,1,0,0,0
"1827",4697,1,0,0,0
"1828",4696,1,0,0,0
"1829",4695,1,0,0,0
"1830",4694,1,25,0,0
"1831",4693,1,14,0,0
"1832",4692,1,0,0,0
"1833",4691,1,17,0,0
"1834",4690,1,0,0,0
"1835",4689,1,14,0,0
"1836",4688,1,0,0,0
"1837",4687,1,0,0,0
"1838",4686,1,0,0,0
"1839",4685,1,0,0,0
"1840",4684,1,6,0,0
"1841",4683,1,0,0,0
"1842",4682,1,0,0,0
"1843",4681,1,0,0,0
"1844",4680,1,0,0,0
"1845",4679,1,0,0,0
"1846",4678,1,0,0,0
"1847",4677,1,0,0,0
"1848",4676,1,11,3,0.272727272727273
"1849",4675,1,17,0,0
"1850",4674,1,49,1,0.0204081632653061
"1851",4673,1,109,10,0.0917431192660551
"1852",4672,1.03437559042188,23,2,0.089945703514946
"1853",4539,1,0,0,0
"1854",4538,1,0,0,0
"1855",4537,1,0,0,0
"1856",4536,1,0,0,0
"1857",4535,1,0,0,0
"1858",4534,1,0,0,0
"1859",4533,1,0,0,0
"1860",4532,1,0,0,0
"1861",4531,1,0,0,0
"1862",4530,1,0,0,0
"1863",4529,1,0,0,0
"1864",4528,1,0,0,0
"1865",4527,1,0,0,0
"1866",4526,1,0,0,0
"1867",4525,1,0,0,0
"1868",4524,1,0,0,0
"1869",4523,1,0,0,0
"1870",4522,1,34,0,0
"1871",4521,1,9,0,0
"1872",4520,1,7,0,0
"1873",4519,1,8,0,0
"1874",4518,1,11,0,0
"1875",4517,1,5,0,0
"1876",4516,1,0,0,0
"1877",4515,1,0,0,0
"1878",4514,1,0,0,0
"1879",4513,1,0,0,0
"1880",4512,1,8,0,0
"1881",4511,1,0,0,0
"1882",4510,1,0,0,0
"1883",4509,1,0,0,0
"1884",4508,1,0,0,0
"1885",4507,1,0,0,0
"1886",4506,1,0,0,0
"1887",4505,1,0,0,0
"1888",4504,1,0,0,0
"1889",4503,1,0,0,0
"1890",4502,1,10,0,0
"1891",4501,1,32,0,0
"1892",4500,1,73,0,0
"1893",4499,1,1535,0,0
"1894",4498,1,1505,0,0
"1895",4497,1,1515,0,0
"1896",4496,1,1505,0,0
"1897",4495,1.88304949393616,1505,0,0
"1898",4494,3680.16389471314,0,0,0
"1899",4493,1.03689728807379,0,0,0
"1900",4492,1,8,0,0
"1901",4491,1,104,0,0
"1902",4490,1.0024734600282,35,0,0
"1903",4489,2.32075371446007,40,0,0
"1904",4488,22.4914665751141,0,0,0
"1905",4487,1.04941518666388,0,0,0
"1906",4607,1,8,0,0
"1907",4606,1,6,0,0
"1908",4605,1,0,0,0
"1909",4604,1,8,0,0
"1910",4603,1,10,0,0
"1911",4602,1,7,0,0
"1912",4601,1,0,0,0
"1913",4600,1,0,0,0
"1914",4599,1,0,0,0
"1915",4598,1,7,0,0
"1916",4597,1,0,0,0
"1917",4596,1,0,0,0
"1918",4595,1,0,0,0
"1919",4594,1,0,0,0
"1920",4593,1,0,0,0
"1921",4592,1,0,0,0
"1922",4591,1,0,0,0
"1923",4590,1,0,0,0
"1924",4589,1,16,3,0.1875
"1925",4588,1,9,0,0
"1926",4587,1,29,0,0
"1927",4586,1,90,2,0.0222222222222222
"1928",4585,1,1530,0,0
"1929",4584,1,1516,2,0.00131926121372032
"1930",4583,1.23490051436538,1515,0,0
"1931",4582,1.04584303839181,1520,0,0
"1932",4581,2.1520028108557,1505,0,0
"1933",4579,1.94296343088991,0,0,0
"1934",4578,1.08457994933338,0,0,0
"1935",4577,1.1867890640369,255,0,0
"1936",4576,2.73530418745204,11,0,0
"1937",4575,5.70047119441984,0,0,0
"1938",4574,2.59476986573523,63,2,0.082373646531277
"1939",4573,1.02452466433714,34,3,0.0903992350885711
"1940",4415,1,8,0,0
"1941",4414,1,15,0,0
"1942",4413,1,1571,0,0
"1943",4412,1,1553,0,0
"1944",4411,1,1513,0,0
"1945",4410,1.13439783665714,1524,0,0
"1946",4409,1.42716735399007,1505,0,0
"1947",4408,59.5963607518243,1505,0,0
"1948",4407,5.83948435064427,0,0,0
"1949",4406,1,9,0,0
"1950",4405,1,73,1,0.0136986301369863
"1951",4404,1.0178947585464,46,0,0
"1952",4403,11.4800686274585,1,0,0
"1953",4367,1,0,0,0
"1954",4366,1,0,0,0
"1955",4365,1,0,0,0
"1956",4364,1,0,0,0
"1957",4363,1,0,0,0
"1958",4362,1,0,0,0
"1959",4361,1,0,0,0
"1960",4360,1,0,0,0
"1961",4359,1,0,0,0
"1962",4358,1,0,0,0
"1963",4357,1,0,0,0
"1964",4356,1,0,0,0
"1965",4355,1,0,0,0
"1966",4354,1,0,0,0
"1967",4353,1,0,0,0
"1968",4352,1,0,0,0
"1969",4452,1,0,0,0
"1970",4451,1,0,0,0
"1971",4450,1,0,0,0
"1972",4449,1,0,0,0
"1973",4448,1,0,0,0
"1974",4447,1,0,0,0
"1975",4446,1,0,0,0
"1976",4445,1,0,0,0
"1977",4444,1,0,0,0
"1978",4443,1,0,0,0
"1979",4442,1,0,0,0
"1980",4441,1,0,0,0
"1981",4440,1,0,0,0
"1982",4439,1,0,0,0
"1983",4438,1,0,0,0
"1984",4437,1,0,0,0
"1985",4436,1,2,0,0
"1986",4435,1,31,0,0
"1987",4434,1,0,0,0
"1988",4433,1,6,0,0
"1989",4432,1,15,0,0
"1990",4431,1,0,0,0
"1991",4430,1,5,0,0
"1992",4429,1,0,0,0
"1993",4428,1,0,0,0
"1994",4427,1,0,0,0
"1995",4426,1,0,0,0
"1996",4425,1,5,0,0
"1997",4424,1,0,0,0
"1998",4423,1,0,0,0
"1999",4422,1,0,0,0
"2000",4421,1,0,0,0
"2001",4420,1,0,0,0
"2002",4419,1,0,0,0
"2003",4418,1,0,0,0
"2004",4417,1,0,0,0
"2005",4416,1,0,0,0
"2006",4280,1,0,0,0
"2007",4279,1,0,0,0
"2008",4278,1,0,0,0
"2009",4277,1,0,0,0
"2010",4276,1,0,0,0
"2011",4275,1,0,0,0
"2012",4274,1,0,0,0
"2013",4273,1,0,0,0
"2014",4272,1,0,0,0
"2015",4271,1,0,0,0
"2016",4270,1,0,0,0
"2017",4269,1,0,0,0
"2018",4268,1,0,0,0
"2019",4267,1,0,0,0
"2020",4266,1,0,0,0
"2021",4265,1,0,0,0
"2022",4264,1,13,0,0
"2023",4263,1,9,0,0
"2024",4262,1,0,0,0
"2025",4261,1,5,0,0
"2026",4260,1,0,0,0
"2027",4259,1,0,0,0
"2028",4258,1,6,0,0
"2029",4257,1,0,0,0
"2030",4256,1,0,0,0
"2031",4255,1,0,0,0
"2032",4254,1,0,0,0
"2033",4253,1,8,0,0
"2034",4252,1,0,0,0
"2035",4251,1,0,0,0
"2036",4250,1,0,0,0
"2037",4249,1,0,0,0
"2038",4248,1,0,0,0
"2039",4247,1,0,0,0
"2040",4246,1,0,0,0
"2041",4245,1,0,0,0
"2042",4244,1,0,0,0
"2043",4243,1,0,0,0
"2044",4242,1,2,0,0
"2045",4241,1,20,0,0
"2046",4240,1,1535,0,0
"2047",4239,1,141,0,0
"2048",4238,1.63614887219304,63,1,0.0259706170189372
"2049",4234,2.20638579805804,20,0,0
"2050",8321,1,0,0,0
"2051",4233,1,147,0,0
"2052",8320,1,8,0,0
"2053",4232,5.35654211162659,8,0,0
"2054",4351,1,0,0,0
"2055",4350,1,18,0,0
"2056",4349,1,4,0,0
"2057",4348,1,2,0,0
"2058",4347,1,17,0,0
"2059",4346,1,0,0,0
"2060",4345,1,5,0,0
"2061",4344,1,0,0,0
"2062",4343,1,0,0,0
"2063",4342,1,0,0,0
"2064",4341,1,0,0,0
"2065",4340,1,7,0,0
"2066",4339,1,0,0,0
"2067",4338,1,0,0,0
"2068",4337,1,0,0,0
"2069",4336,1,0,0,0
"2070",4335,1,0,0,0
"2071",4334,1,0,0,0
"2072",4333,1,0,0,0
"2073",4332,1,0,0,0
"2074",4331,1,0,0,0
"2075",4330,1,0,0,0
"2076",4329,1,7,0,0
"2077",4328,1,13,0,0
"2078",4327,1,1560,0,0
"2079",4326,1,1569,0,0
"2080",4325,1.00001008991796,1586,0,0
"2081",4324,4.05047068708081,0,0,0
"2082",4321,2.76394063001946,125,0,0
"2083",4320,1,43,0,0
"2084",4319,1.00043048653704,84,0,0
"2085",8406,1,0,0,0
"2086",4318,6.50312041390999,0,0,0
"2087",8405,1.32663746886207,2,0,0
"2088",4159,1,4,0,0
"2089",4158,1,2,0,0
"2090",4157,1,11,0,0
"2091",4156,1,6,0,0
"2092",4155,1,10,0,0
"2093",4154,1,51,0,0
"2094",4153,1,193,1,0.00518134715025907
"2095",4152,5.82080510064014,17,0,0
"2096",4148,1.76086937414445,78,1,0.0225752483864673
"2097",8235,1,0,0,0
"2098",4147,2.41383961137594,12394,1,0.000194758722880098
"2099",8234,1,0,0,0
"2100",8233,1,13,0,0
"2101",8232,1.22694144743635,1,0,0
"2102",8231,16.2952354155339,14,0,0
"2103",4107,1,0,0,0
"2104",4106,1,0,0,0
"2105",4105,1,0,0,0
"2106",4104,1,0,0,0
"2107",8319,2.08992588843082,4,0,0
"2108",4103,1,0,0,0
"2109",4102,1,0,0,0
"2110",4101,1,0,0,0
"2111",4100,1,0,0,0
"2112",4099,1,0,0,0
"2113",4098,1,0,0,0
"2114",4097,1,0,0,0
"2115",4096,1,0,0,0
"2116",4194,1,0,0,0
"2117",4193,1,0,0,0
"2118",4192,1,0,0,0
"2119",4191,1,0,0,0
"2120",4190,1,0,0,0
"2121",4189,1,0,0,0
"2122",4188,1,0,0,0
"2123",4187,1,0,0,0
"2124",4186,1,0,0,0
"2125",4185,1,0,0,0
"2126",4184,1,0,0,0
"2127",4183,1,0,0,0
"2128",4182,1,0,0,0
"2129",4181,1,0,0,0
"2130",4180,1,0,0,0
"2131",4179,1,0,0,0
"2132",4178,1,21,0,0
"2133",4177,1,7,0,0
"2134",4176,1,0,0,0
"2135",4175,1,7,0,0
"2136",4174,1,0,0,0
"2137",4173,1,5,0,0
"2138",4172,1,0,0,0
"2139",4171,1,0,0,0
"2140",4170,1,0,0,0
"2141",4169,1,0,0,0
"2142",4168,1,1,0,0
"2143",4167,1,4,0,0
"2144",4166,1,0,0,0
"2145",4165,1,0,0,0
"2146",4164,1,0,0,0
"2147",4163,1,0,0,0
"2148",4162,1,10,0,0
"2149",4161,1,8,0,0
"2150",4160,1,9,0,0
"2151",4022,1,0,0,0
"2152",4021,1,0,0,0
"2153",4020,1,0,0,0
"2154",4019,1,0,0,0
"2155",4018,1,0,0,0
"2156",4017,1,0,0,0
"2157",4016,1,0,0,0
"2158",4015,1,0,0,0
"2159",4014,1,0,0,0
"2160",4013,1,0,0,0
"2161",4012,1,0,0,0
"2162",4011,1,0,0,0
"2163",4010,1,0,0,0
"2164",4009,1,0,0,0
"2165",4008,1,0,0,0
"2166",4007,1,6,0,0
"2167",4006,1,9,0,0
"2168",4005,1,8,0,0
"2169",4004,1,0,0,0
"2170",4003,1,0,0,0
"2171",4002,1,6,0,0
"2172",4001,1,5,0,0
"2173",4000,1,0,0,0
"2174",3999,1,0,0,0
"2175",3998,1,0,0,0
"2176",3997,1,0,0,0
"2177",3996,1,0,0,0
"2178",3995,1,8,0,0
"2179",3994,1,0,0,0
"2180",3993,1,0,0,0
"2181",3992,1,0,0,0
"2182",3991,1,30,0,0
"2183",3990,1,0,0,0
"2184",3989,1,0,0,0
"2185",3988,1,0,0,0
"2186",3987,1,0,0,0
"2187",3986,1,0,0,0
"2188",3985,1,6,0,0
"2189",3984,1,24,0,0
"2190",3983,1,7,0,0
"2191",3982,1,7,0,0
"2192",3981,1,33,0,0
"2193",3980,1,106,0,0
"2194",3979,1.60075651850087,215,3,0.022336137467454
"2195",3978,3.89151508106498,111,0,0
"2196",3976,33.7822505591289,12366,0,0
"2197",3975,1.10730108899794,12494,0,0
"2198",3974,13.4199346671599,12346,1,0.00108698644639234
"2199",4095,1,0,0,0
"2200",4094,1,0,0,0
"2201",4093,1,0,0,0
"2202",8064,1,0,0,0
"2203",4092,1,22,0,0
"2204",4091,1,5,0,0
"2205",4090,1,0,0,0
"2206",4089,1,0,0,0
"2207",4088,1,6,0,0
"2208",4087,1,0,0,0
"2209",4086,1,5,0,0
"2210",4085,1,0,0,0
"2211",4084,1,0,0,0
"2212",4083,1,0,0,0
"2213",4082,1,0,0,0
"2214",4081,1,7,0,0
"2215",4080,1,0,0,0
"2216",4079,1,0,0,0
"2217",4078,1,0,0,0
"2218",4077,1,1,0,0
"2219",4076,1,16,0,0
"2220",4075,1,9,0,0
"2221",4074,1,8,0,0
"2222",4073,1,9,0,0
"2223",4072,1,11,0,0
"2224",4071,1,15,0,0
"2225",4070,1,11,0,0
"2226",4069,1,4,0,0
"2227",4068,1,18,0,0
"2228",4067,1,49,0,0
"2229",4066,1,189,3,0.0158730158730159
"2230",4065,2.79434085140181,227,3,0.0369296147762354
"2231",4061,1.41814787445254,12572,2,0.000225604179836547
"2232",4060,1810.60248812112,12332,0,0
"2233",8150,1,0,0,0
"2234",8149,1,0,0,0
"2235",8148,1,0,0,0
"2236",8147,1,9,0,0
"2237",8146,1,15,0,0
"2238",8145,2.87714331312571,4,0,0
"2239",3903,1,0,0,0
"2240",3902,1,0,0,0
"2241",3901,1,0,0,0
"2242",3900,1,0,0,0
"2243",3899,1,6,0,0
"2244",3898,1,6,0,0
"2245",3897,1,13,0,0
"2246",3896,1,33,0,0
"2247",3895,1,18,0,0
"2248",3894,1,60,6,0.1
"2249",3893,1,88,0,0
"2250",3892,1,344,1,0.00290697674418605
"2251",3891,1.94343733659891,12444,2,0.000312349298714064
"2252",3889,1.75913961472804,12603,28,0.00390826860369635
"2253",3888,1.00009224275062,12384,21,0.00169589285350154
"2254",3887,13.1433905111669,12331,0,0
"2255",7979,1,0,0,0
"2256",7978,1,0,0,0
"2257",7977,1,0,0,0
"2258",7976,1,0,0,0
"2259",7975,1,4,0,0
"2260",7974,1,25,0,0
"2261",7973,1,22778,0,0
"2262",7972,1.92891701690242,22765,0,0
"2263",3849,1,0,0,0
"2264",3848,1,0,0,0
"2265",3847,1,0,0,0
"2266",3846,1,0,0,0
"2267",3845,1,0,0,0
"2268",3844,1,0,0,0
"2269",3843,1,0,0,0
"2270",3842,1,0,0,0
"2271",3841,1,0,0,0
"2272",3840,1,0,0,0
"2273",8063,1,0,0,0
"2274",8062,1,0,0,0
"2275",8061,1,0,0,0
"2276",8060,1,7,0,0
"2277",8059,1,30,0,0
"2278",8058,1.86275578608674,0,0,0
"2279",3935,1,0,0,0
"2280",3934,1,0,0,0
"2281",3933,1,0,0,0
"2282",3932,1,0,0,0
"2283",3931,1,0,0,0
"2284",3930,1,0,0,0
"2285",3929,1,0,0,0
"2286",3928,1,0,0,0
"2287",3927,1,0,0,0
"2288",3926,1,0,0,0
"2289",3925,1,0,0,0
"2290",3924,1,0,0,0
"2291",3923,1,0,0,0
"2292",3922,1,0,0,0
"2293",3921,1,0,0,0
"2294",3920,1,24,0,0
"2295",3919,1,0,0,0
"2296",3918,1,4,0,0
"2297",3917,1,0,0,0
"2298",3916,1,1,0,0
"2299",3915,1,4,0,0
"2300",3914,1,5,0,0
"2301",3913,1,0,0,0
"2302",3912,1,0,0,0
"2303",3911,1,0,0,0
"2304",3910,1,0,0,0
"2305",3909,1,2,0,0
"2306",3908,1,3,0,0
"2307",3907,1,0,0,0
"2308",3906,1,0,0,0
"2309",3905,1,18,0,0
"2310",3904,1,0,0,0
"2311",3762,1,0,0,0
"2312",3761,1,0,0,0
"2313",3760,1,0,0,0
"2314",3759,1,0,0,0
"2315",3758,1,0,0,0
"2316",3757,1,0,0,0
"2317",3756,1,0,0,0
"2318",3755,1,0,0,0
"2319",3754,1,0,0,0
"2320",3753,1,0,0,0
"2321",3752,1,0,0,0
"2322",3751,1,0,0,0
"2323",3750,1,0,0,0
"2324",3749,1,0,0,0
"2325",3748,1,9,0,0
"2326",3747,1,21,0,0
"2327",3746,1,85,0,0
"2328",3745,1,62,0,0
"2329",3744,1,0,0,0
"2330",3743,1,7,0,0
"2331",3742,1,5,0,0
"2332",3741,1,0,0,0
"2333",3740,1,0,0,0
"2334",3739,1,0,0,0
"2335",3738,1,0,0,0
"2336",3737,1,0,0,0
"2337",3736,1,7,0,0
"2338",3735,1,0,0,0
"2339",3734,1,0,0,0
"2340",3733,1,8,0,0
"2341",3732,1,4,0,0
"2342",3731,1,0,0,0
"2343",3730,1,5,0,0
"2344",3729,1,6,0,0
"2345",3728,1,0,0,0
"2346",3727,1,6,0,0
"2347",3726,1,48,0,0
"2348",3725,1,68,0,0
"2349",3724,1,69,0,0
"2350",3723,1,62,0,0
"2351",3722,1,67,0,0
"2352",3721,1,55,0,0
"2353",3720,1,95,5,0.0526315789473684
"2354",3719,1,12443,8,0.000642931768866029
"2355",3718,1.0000054499005,12551,13,0.00103577968677448
"2356",3717,1.02440657493473,12613,38,0.00308629587310868
"2357",3716,1.00428231056733,12545,85,0.00680462306881013
"2358",3715,8.38860154690006,12336,0,0
"2359",3839,1,0,0,0
"2360",3838,1,0,0,0
"2361",7809,1,0,0,0
"2362",3837,1,0,0,0
"2363",7808,1,0,0,0
"2364",3836,1,0,0,0
"2365",3835,1,20,0,0
"2366",3834,1,110,0,0
"2367",3833,1,37,0,0
"2368",3832,1,6,0,0
"2369",3831,1,33,0,0
"2370",3830,1,6,0,0
"2371",3829,1,6,0,0
"2372",3828,1,0,0,0
"2373",3827,1,0,0,0
"2374",3826,1,0,0,0
"2375",3825,1,0,0,0
"2376",3824,1,0,0,0
"2377",3823,1,8,0,0
"2378",3822,1,0,0,0
"2379",3821,1,0,0,0
"2380",3820,1,0,0,0
"2381",3819,1,17,0,0
"2382",3818,1,0,0,0
"2383",3817,1,0,0,0
"2384",3816,1,0,0,0
"2385",3815,1,6,0,0
"2386",3814,1,5,0,0
"2387",3813,1,0,0,0
"2388",3812,1,11,0,0
"2389",3811,1,20,0,0
"2390",3810,1,26,0,0
"2391",3809,1,46,1,0.0217391304347826
"2392",3808,1,47,1,0.0212765957446809
"2393",3807,1,119,1,0.00840336134453781
"2394",3806,1,12625,4,0.000316831683168317
"2395",3805,1.23233712038659,12799,18,0.00173310947472136
"2396",3804,1.40557965496604,12697,58,0.00642069937686305
"2397",3803,1,12446,67,0.00538325566447051
"2398",3802,2.25050663679424,12343,27,0.00492292628967387
"2399",7894,1,0,0,0
"2400",7893,1,0,0,0
"2401",7892,1,0,0,0
"2402",7891,1,0,0,0
"2403",7890,1,0,0,0
"2404",7889,1,0,0,0
"2405",7888,1,0,0,0
"2406",7887,1,22778,0,0
"2407",7886,1,22786,0,0
"2408",7885,2.17112178944844,22765,0,0
"2409",3647,1,6,0,0
"2410",3646,1,6,0,0
"2411",3645,1,6,0,0
"2412",3644,1,7,0,0
"2413",3643,1,12,0,0
"2414",3642,1,24,0,0
"2415",3641,1,68,0,0
"2416",3640,1,35,0,0
"2417",3639,1,19,0,0
"2418",3638,1,14,0,0
"2419",3637,1,21,0,0
"2420",3636,1,28,0,0
"2421",3635,1,18,0,0
"2422",3634,1.06762167716268,12331,0,0
"2423",3633,1.40442363085626,12331,0,0
"2424",3632,2.02334316550913,12331,0,0
"2425",3631,1.47812071663995,12393,8,0.00095416491028158
"2426",3630,1.00912091055261,12383,6,0.000488954652613716
"2427",7723,1,0,0,0
"2428",7722,1,0,0,0
"2429",7721,1,0,0,0
"2430",7720,1,0,0,0
"2431",7719,1,0,0,0
"2432",7718,1,0,0,0
"2433",7717,1,0,0,0
"2434",7716,1,22765,0,0
"2435",7715,1,22773,0,0
"2436",7714,1,22779,0,0
"2437",7713,1,22769,0,0
"2438",7712,9.95038893976715,22765,1,0.000437091541391045
"2439",3590,1,0,0,0
"2440",3589,1,0,0,0
"2441",3588,1,0,0,0
"2442",3587,1,0,0,0
"2443",3586,1,0,0,0
"2444",3585,1,0,0,0
"2445",3584,1,0,0,0
"2446",7807,1,0,0,0
"2447",7806,1,0,0,0
"2448",7805,1,0,0,0
"2449",7804,1,0,0,0
"2450",7803,1,0,0,0
"2451",7802,1,22766,0,0
"2452",7801,1,22779,0,0
"2453",7800,1,22766,0,0
"2454",7799,2.80730190496836,22765,0,0
"2455",3677,1,0,0,0
"2456",3676,1,0,0,0
"2457",3675,1,0,0,0
"2458",3674,1,0,0,0
"2459",3673,1,0,0,0
"2460",3672,1,0,0,0
"2461",3671,1,0,0,0
"2462",3670,1,0,0,0
"2463",3669,1,0,0,0
"2464",3668,1,0,0,0
"2465",3667,1,0,0,0
"2466",3666,1,0,0,0
"2467",3665,1,0,0,0
"2468",3664,1,0,0,0
"2469",3663,1,19,0,0
"2470",3662,1,24,0,0
"2471",3661,1,39,0,0
"2472",3660,1,17,0,0
"2473",3659,1,5,0,0
"2474",3658,1,7,0,0
"2475",3657,1,11,0,0
"2476",3656,1,22,0,0
"2477",3655,1,10,0,0
"2478",3654,1,7,0,0
"2479",3653,1,6,0,0
"2480",3652,1,6,0,0
"2481",3651,1,9,0,0
"2482",3650,1,8,0,0
"2483",3649,1,7,0,0
"2484",3648,1,6,0,0
"2485",3504,1,0,0,0
"2486",3503,1,0,0,0
"2487",3502,1,0,0,0
"2488",3501,1,0,0,0
"2489",3500,1,0,0,0
"2490",3499,1,0,0,0
"2491",3498,1,0,0,0
"2492",3497,1,0,0,0
"2493",3496,1,0,0,0
"2494",3495,1,0,0,0
"2495",3494,1,0,0,0
"2496",3493,1,0,0,0
"2497",3492,1,7,0,0
"2498",3491,1,18,0,0
"2499",3490,1,0,0,0
"2500",3489,1,33,0,0
"2501",3488,1,11,0,0
"2502",3487,1,0,0,0
"2503",3486,1,0,0,0
"2504",3485,1,8,0,0
"2505",3484,1,6,0,0
"2506",3483,1,0,0,0
"2507",3482,1,0,0,0
"2508",3481,1,0,0,0
"2509",3480,1,2,0,0
"2510",3479,1,7,0,0
"2511",3478,1,17,0,0
"2512",3477,1,10,0,0
"2513",3476,1,19,0,0
"2514",3475,1,24,0,0
"2515",3474,1,17,0,0
"2516",3473,1,16,0,0
"2517",3472,1,8,0,0
"2518",3471,1,0,0,0
"2519",3470,1,4,0,0
"2520",3469,1,7,0,0
"2521",3468,1,24,0,0
"2522",3467,1,28,0,0
"2523",3466,1,3,0,0
"2524",3465,1,13,0,0
"2525",3464,1,6,0,0
"2526",3463,1,0,0,0
"2527",3462,1,0,0,0
"2528",3461,1,0,0,0
"2529",3460,2.21464419925673,0,0,0
"2530",3583,1,0,0,0
"2531",3582,1,0,0,0
"2532",3581,1,0,0,0
"2533",7552,1,0,0,0
"2534",3580,1,0,0,0
"2535",3579,1,0,0,0
"2536",3578,1,0,0,0
"2537",3577,1,18,0,0
"2538",3576,1,17,0,0
"2539",3575,1,123,0,0
"2540",3574,1,17,0,0
"2541",3573,1,10,0,0
"2542",3572,1,11,0,0
"2543",3571,1,12,0,0
"2544",3570,1,36,0,0
"2545",3569,1,16,0,0
"2546",3568,1,16,0,0
"2547",3567,1,17,0,0
"2548",3566,1,16,0,0
"2549",3565,1,12,0,0
"2550",3564,1,16,0,0
"2551",3563,1,7,0,0
"2552",3562,1,5,0,0
"2553",3561,1,7,0,0
"2554",3560,1,12,0,0
"2555",3559,1,17,0,0
"2556",3558,1,23,0,0
"2557",3557,1,23,0,0
"2558",3556,1,19,0,0
"2559",3555,1,13,0,0
"2560",3554,1,4,0,0
"2561",3553,1,7,0,0
"2562",3552,1,29,0,0
"2563",3551,1,23,0,0
"2564",3550,1,24,0,0
"2565",3549,1,7,0,0
"2566",3548,1,0,0,0
"2567",3547,1.15394019512156,0,0,0
"2568",3546,8.57533102097424,0,0,0
"2569",3544,1.05656560735809,12331,0,0
"2570",7638,1,0,0,0
"2571",7637,1,0,0,0
"2572",7636,1,0,0,0
"2573",7635,1,0,0,0
"2574",7634,1,0,0,0
"2575",7633,1,0,0,0
"2576",7632,1,0,0,0
"2577",7631,1,22765,0,0
"2578",7630,1,22765,0,0
"2579",7629,1,22780,0,0
"2580",7628,1,22780,3,0.000131694468832309
"2581",7627,1.11062063730745,22770,8,0.000390204879159402
"2582",7626,286.494947304489,22765,0,0
"2583",3391,1,18,0,0
"2584",3390,1,24,0,0
"2585",3389,1,16,0,0
"2586",3388,1,15,0,0
"2587",3387,1,8,0,0
"2588",3386,1,7,0,0
"2589",3385,1,3,0,0
"2590",3384,1,8,0,0
"2591",3383,1,0,0,0
